num_nodes,f1,method
5,0.8273826523369323,Rel-IIoT (Ring)
10,0.8355249307832832,Rel-IIoT (Ring)
20,0.8482843781532294,Rel-IIoT (Ring)
